dsample,diff_CV_AOI_RMSE_rand,diff_CV_AOI_MAE_rand,diff_CV_AOI_R2_rand,diff_CV_AOA_RMSE_rand,diff_CV_AOA_MAE_rand,diff_CV_AOA_R2_rand,diff_calAOA_RMSE_rand,RMSE_caoa_rand,n_predictors_rand,xy_as_predictor_rand,improvement_rmse_rand,improvement_aoa_rand,in_AOA_rand,in_AOA_wo_rand,diff_CV_AOI_RMSE_spat,diff_CV_AOI_MAE_spat,diff_CV_AOI_R2_spat,diff_CV_AOA_RMSE_spat,diff_CV_AOA_MAE_spat,diff_CV_AOA_R2_spat,diff_calAOA_RMSE_spat,RMSE_caoa_spat,n_predictors_spat,xy_as_predictor_spat,improvement_rmse_spat,improvement_aoa_spat,in_AOA_spat,in_AOA_wo_spat,diff_CV_AOI_RMSE_kndm,diff_CV_AOI_MAE_kndm,diff_CV_AOI_R2_kndm,diff_CV_AOA_RMSE_kndm,diff_CV_AOA_MAE_kndm,diff_CV_AOA_R2_kndm,diff_calAOA_RMSE_kndm,RMSE_caoa_kndm,n_predictors_kndm,xy_as_predictor_kndm,improvement_rmse_kndm,improvement_aoa_kndm,in_AOA_kndm,in_AOA_wo_kndm,diff_CV_AOI_RMSE_nndm,diff_CV_AOI_MAE_nndm,diff_CV_AOI_R2_nndm,diff_CV_AOA_RMSE_nndm,diff_CV_AOA_MAE_nndm,diff_CV_AOA_R2_nndm,diff_calAOA_RMSE_nndm,RMSE_caoa_nndm,n_predictors_nndm,xy_as_predictor_nndm,improvement_rmse_nndm,improvement_aoa_nndm,in_AOA_nndm,in_AOA_wo_nndm
sregular,-0.003792349347980034,-0.005514813342976613,-0.009217140062504181,-0.00237941147085248,-0.004169579849931021,-0.003483047979805476,-0.02498707653519315,0.06438530389218865,8,no,-0.33504662060814605,0.17831669044222728,98.00261665939817,97.82817269952028,0.0024131453807457737,4.2606105456582943e-4,-0.03834964810662145,0.003808773356453271,0.001566833323978084,-0.0361837344513084,-0.02688864546126979,0.07336500644393085,5,no,-5.315974032112466,-0.6963300341595889,98.88791975577846,99.58133449629307,-0.0021606451488702244,-0.005514472263803347,-0.017777458464219298,-7.327687463559995e-4,-0.004155446986076436,-0.012194994832764872,-0.024194679205870318,0.06706605955654595,9,no,-0.47495079457780254,-0.19991115059973197,97.97208896641953,98.16833842128216,-0.0027824537943566263,-0.0035545091134295548,-0.023446423621169,-7.384073707844135e-4,-0.001553240727357852,-0.02239191036400845,-0.021565620296456978,0.07578250172012574,4,no,-5.045162371998896,-0.7773534037295007,96.30178805058874,97.05625817706061
wregular,0.0025734473447916045,-0.002194685544896685,-0.006631846154634857,0.006173724938407954,5.219314044637297e-4,-0.014798888787731834,-0.014278340069287576,0.06810239471898737,6,no,-7.004573000683373,-0.3284821387836952,95.27692978630616,95.59092891408635,0.015927139521123027,0.014895621012595686,-0.04749917996927944,0.01828871913382127,0.016868999191542833,-0.04872070930632255,0.0012644074522430854,0.09336358067754232,6,no,-10.06100719012308,-1.7182283552192206,96.28870475359791,97.97208896641953,2.3044572021317655e-4,2.27184676388964e-4,0.005513095420215497,0.0029527530732006563,0.002097447184366469,0.005826309102291982,-0.012707779746756062,0.07405797336882149,6,no,-8.533503512149428,1.4069165834619302,97.44439598778892,96.09245529873527,5.806418877759983e-4,-0.0027959480330850134,-9.615344990181462e-4,0.005507379102584836,9.35576536192452e-4,-0.013943828226847255,-0.007326937269741041,0.0759897704968733,6,no,-6.953065858341412,-1.2037715122665678,94.13432184910597,95.2812908853031
random,-0.006337617251028604,-0.005851391487700815,0.021169342247531087,0.0018239675554975188,5.180372375642728e-4,0.008941298266730957,-0.0089123051449546,0.06992398138456547,10,no,13.295394679275004,-2.089756766015756,87.2481465329263,89.11033580462276,0.014631176104664162,0.015947922574559403,-0.07615453122862648,0.015077698278598464,0.017404219365564702,-0.05247504925268587,-0.021098541485210412,0.09677939299613883,4,no,-23.910113432969894,-5.061619718309863,94.06890536415176,99.08416921064108,-0.001833011468190343,-0.005283157734006727,-0.0029150491977322224,0.002088462535044175,-0.0017112586009831593,-0.0014878563547330304,-0.016812428041246552,0.06936500345944703,7,no,4.237703048257406,-1.1064534997075481,88.48233754906236,89.47230702136939,-0.027004644735855843,-0.015205854628716167,0.12143763188917645,0.00542006735694002,0.0022727870959382834,0.02252081307117726,-0.009145124718304282,0.08147991830135723,4,no,-32.31128272774457,-6.47362684232974,86.0662887047536,92.02354993458351
wclust,-0.049541832213894535,-0.03618154087522428,0.06790575015510991,-0.017749778434171637,-0.01502901914249033,0.005493858478089808,-0.01454468794682949,0.08275454096835472,4,yes,-8.701083717486432,-14.690256615878097,74.23026602703882,87.01264718709115,-0.023172530277762754,-0.017555285899983966,-0.08330077972568461,-0.023084821486827528,-0.01722262581229146,-0.07718056336476553,-0.045291267791912476,0.08819859491584611,2,no,-10.400015102001072,0.6940453560850603,99.33711295246403,98.6524204099433,-0.033669057728896015,-0.023310344065748598,-0.0047659637921153575,-0.023805507927290526,-0.01532302869237169,-0.01966551226348323,-0.028619907920826623,0.08737120230862733,3,yes,-3.224862421220808,-7.292007287335925,86.55037069341473,93.35804622764937,-0.031148241512813354,-0.023639699198650097,-0.019981409946081885,-0.02132442164548616,-0.01621174452776651,-0.0275581123084383,-0.0262250071615982,0.08381823128670568,5,yes,2.7100365161683317,-4.459453208123229,90.06977758395116,94.27387701700829
sclust,-0.044931023075735516,-0.03314839854869811,0.13276163833156707,-0.015437024259269905,-0.012443782530207413,0.088343198154342,-0.01592707098781168,0.063439907317537,6,no,8.218755363539623,16.486305945223776,76.04884430876581,65.28565198430005,-0.009077569537294355,0.007998537520291768,0.1292929673882095,-0.005481233873482594,0.011456551483696939,0.15549260491004357,-0.02490167049378346,0.10764522367186345,2,no,-17.287699221851724,0.5348333256489612,95.09376362843437,94.58787614478848,-0.006772528004813053,0.004580853418298253,0.06937502783556515,0.007780560468132566,0.015265517576393911,0.05079974150843125,-0.02021561372167177,0.09315687744224538,3,no,-9.150171292725204,-0.6466534503917588,91.79677278674227,92.39424334932403,-0.010213670751394954,-0.008568796921379254,0.04637772010753638,0.011957088864686036,0.005648265731406948,-0.0018675185496375146,-0.01277114994290382,0.08333649261976349,7,yes,-2.2783665587089845,-6.164129223913852,88.16397732228522,93.95551679023114
sregular,-0.002465240872208896,0.0020537652324047473,0.016955379289533168,-0.0024687585127369793,0.0021045225332643747,0.01832003429965323,-0.015086161638923443,0.08152084018529628,4,no,-2.049272475403064,0.47941590429274444,99.62930658525949,99.15394679459224,0.019721245391503578,0.019068519353724528,-0.05096626004612159,0.01982455796194768,0.019155071385116768,-0.05097595904451946,-0.01952397118602625,0.07088603482775507,6,yes,0.5231886017362161,0.10486760464912302,99.91277802006105,99.80811164413433,-5.502807758537148e-4,0.0027235890429342796,0.002634763069307766,-3.196504318086907e-4,0.002968611313887315,0.0035662412440827795,-0.01940094674935372,0.0721041787893483,6,no,-2.7047679078368994,0.3872387238723741,99.48975141735717,99.10597470562583,-0.0011149556706012559,0.0031523149857945326,0.019732017646795774,-5.477187741373957e-4,0.0037516663515287096,0.019892144052850225,-0.019211450413409756,0.0698040090483004,7,no,0.5527422985165081,-0.33886370637680174,98.76144788486698,99.09725250763192
wregular,-0.026550625140613085,-0.01704611133833868,0.06441769968655187,-0.00554964541559641,-0.004019538430671821,0.024485438395974057,-0.026153644287553374,0.05983718228959818,6,yes,1.8209985744488562,1.195199608131279,90.09594417793284,89.03183602267771,-0.027378110948571163,-0.0147044971696986,0.08949829005050047,-0.02357755635803996,-0.011651774482925564,0.0960742812413039,-0.033077478702299115,0.08627078960226496,3,no,-15.080633822182058,0.3500897666068157,97.50545137374618,97.1652856519843,-0.02360970269297609,-0.014025457011959036,0.061019509855317455,-0.0011248835652898082,-6.303614825321768e-4,0.01228865895233322,-0.024083302141945553,0.0631501047517253,6,yes,-4.312485979485476,-2.5257384778216023,88.36022677714784,90.64980375054513,-0.03480579744199261,-0.021169993305826612,0.11693783417558268,-0.01787694620427216,-0.010990954696406291,0.0779965014016536,-0.03194794849460453,0.07217103092997029,4,no,-18.72431154008417,-0.3360787655022414,91.82293938072394,92.1325774095072
random,0.007550208300116712,1.7418122853754547e-4,-0.01763771240097234,0.012391752093156308,0.0033895328937971897,-0.0176325138404142,4.00679831983039e-4,0.08190280250721849,9,yes,1.6934900691738994,2.711162255466054,97.31356301788051,94.74487570867859,0.016473525781246404,0.01627184335878222,-0.0182578184096418,0.02009661746061217,0.018446514929683258,-0.020722103039143125,-0.013414768343437647,0.07852151899427826,7,yes,-7.485725405444288,0.3454078469577475,98.82250327082424,98.48233754906236,0.001942466646036145,-0.0012192441613556176,0.012040101689615113,0.008710275735644701,0.0029684297265140797,0.00722895785302613,-0.00888345363497857,0.07771153759455009,6,yes,-4.4995531859280256,0.7067621175504957,96.31923244657654,95.64326210204972,0.0030765132423069136,-8.732765032546524e-4,0.0074904725128926986,0.010815678495962128,0.00386252555441223,4.8017320590409973e-4,-0.007806092825101585,0.07762926036280554,7,yes,-4.4506669978337206,1.2721010332950609,96.17095508068033,94.96293065852595
wclust,-0.025882624626792278,-0.01912211963271286,0.06484829329657327,-0.011127245950787665,-0.008337823595648414,0.053806542410576585,-0.017767226518730708,0.07380712195442989,6,no,-2.4456291060596,-1.6680523799625753,82.52507631923245,83.9249890972525,-3.4991767480703484e-4,0.0012895625428692853,-0.026564549757887468,4.63676339870267e-4,0.0027708954011794323,-0.0014551428328608562,-0.011806663927446753,0.10839257296583872,4,no,-12.912428578855744,0.1802938790228091,96.92978630614914,96.75534234627125,-0.01260713631066289,-0.009882764363279173,0.030688936954928248,0.008330386088635108,0.004540794599421721,-0.011115245391976503,-0.016770352767445984,0.06808159848903822,6,yes,3.031933701971101,2.2745912843785874,81.57435673789794,79.7601395551679,-0.00896124785567283,-0.008735934008258589,0.00825379530000292,-0.0018850441135171148,-0.0034142572145644534,-0.00514260805127853,-0.019875203708911313,0.08187471344788295,5,no,0.10976614020023062,3.4316560632350184,93.58918447448758,90.48408198866115
sclust,-0.07076493721735756,-0.05695986554981945,0.20717911195217975,-0.037559223231632535,-0.03135639863220181,0.15573321193823675,-0.039369588798329684,0.06159352297035845,4,yes,-3.633467483793936,12.377642218754433,69.09289140863497,61.48277365896205,-0.030964769195374373,-0.024220241945181173,0.06319209142566162,-0.027851570967957984,-0.02210522706382781,0.06179420054187745,-0.05096844507965696,0.07161437772610874,5,yes,13.74128740970663,3.820080615610108,98.84866986480593,95.21151330135194,-0.055007728001248715,-0.043084923652532636,0.19087019741515043,-0.04398357788902656,-0.0362018734124199,0.15880519463467646,-0.054251826299488576,0.07956501279239742,3,no,-1.9453444261679542,-0.26836479417784614,95.62145660706499,95.87876144788487,-0.06870464687183958,-0.05051058311351892,0.23088057328529832,-0.05654754192709835,-0.042355472486183356,0.18955954563198896,-0.06305449133932373,0.06811240285811476,6,yes,2.3124415185285594,-0.08251959840462644,95.0501526384649,95.12865242040995
sregular,0.007208289865231171,0.0020155354892785193,-0.0655943037519382,0.008414779493307059,0.0033597157579669246,-0.05403489100358594,-0.004770237011034545,0.0879110745930694,3,yes,-3.9968250432207135,-2.4318546231961498,95.53423462712604,97.91539467945923,0.032161812601718215,0.018331943439371848,-0.18192527811620884,0.0333306325200486,0.01920705112859865,-0.18039512598828833,-0.027052157706726865,0.0645662839274203,8,no,-0.40420052642679283,-0.22783035401333884,99.31094635848233,99.5377235063236,0.00884867263314254,0.005197068903790153,-0.05696885047663147,0.01056978868734497,0.006575132495285851,-0.053434201816054516,-0.006674203087165029,0.08444150471220505,4,no,-7.764031526619962,1.2892828364222362,98.67422590492804,97.41822939380724,0.00827330952299403,0.0026366526191904383,-0.0495237543986502,0.0111168414774752,0.004606022805734342,-0.047974094508955845,-0.01338427649998486,0.06798462357424874,7,yes,8.022568575886085,0.022183770353620378,98.31661578717838,98.29481029219363
wregular,-0.0026178969921632628,-0.004537964351664987,0.021460634038234283,7.315061740129081e-5,-0.002222759417957132,0.02689406286077589,-0.011339171357831065,0.07078615633729153,8,yes,-3.9304615083319505,-1.4049104537905588,95.79590056694288,97.16092455298735,0.03665245965528703,0.02829208483013651,-0.09954162202563244,0.03764950488407254,0.02894378117990304,-0.09945372554666998,0.013812764516619475,0.10917201565730977,5,yes,-13.480618568698318,-0.026283511477135053,99.5290013083297,99.55516790231138,0.005164403855083155,0.0034950720202879954,8.156092444319141e-4,0.01070517702150238,0.0076441130786572345,7.726143483643977e-4,2.1267441680766774e-4,0.08167871180494464,4,yes,-3.606120408139029,-2.0038552920607864,95.33362407326646,97.28303532490187,-3.691669130279768e-4,-6.378621601162149e-4,0.013380351943602875,0.006388450682046062,0.0037782840863556377,0.010268281360174325,-0.006755990172590806,0.07588990093192406,4,yes,-6.335062299487336,-0.10939422945438852,95.57348451809857,95.6781508940253
random,-0.009444090681426612,-0.006327540579177976,0.0030418851427038707,-0.00922799150155107,-0.006014131720692817,0.006140768122564033,-0.023552932334173438,0.07439648757851955,6,yes,5.0931863673000315,1.581345483784509,99.17139119058002,97.6275621456607,5.204286171317934e-4,0.0019695654342814645,-0.014046257111214766,5.780420861136448e-4,0.0020300712742131882,-0.013110736364614684,-0.01877104489935047,0.09736220397648405,4,no,-8.490587575217376,-0.09602793539938567,99.81683384212822,99.91277802006105,-0.007967176930864683,-0.00516147625407791,-0.003030702554346454,-0.007875428628598136,-0.004934560101935617,5.172192024571753e-4,-0.023175259079200358,0.08119129574566028,4,no,-4.426087369616022,0.16331214689265638,98.96641953772351,98.80505887483646,-0.012768908289115921,-0.01099186740242361,0.020686391610938104,-0.01276854254873279,-0.010902886796506861,0.024425972558159703,-0.030336457312286347,0.07782252666834177,3,no,-2.869710444888714,0.4512276045122765,99.02747492368077,98.58264282599215
wclust,-0.014806977962577753,-0.008357814628291868,0.01601482744477667,0.0016533779672791293,0.003764343316209784,0.01638194160137363,-0.00988153419943874,0.07338825042813182,7,no,7.958396668054371,-2.21624582897555,85.62581770606192,87.56650675970344,-0.01110617545363568,-0.0011771361591949997,-0.013598754356660248,-0.010408111826170935,4.756856230576506e-4,0.023368802948686596,-0.0320464002197227,0.11422684539693805,2,no,-31.706062735487954,2.129159616469262,94.76232010466637,92.78674225904928,-0.013783929505494355,-0.00508357683531914,0.011916835498960943,0.005202324094589025,0.00740950376505492,-1.3962872476003252e-4,-0.00827705019451766,0.07725693484329499,8,no,2.6102904754309595,-1.6632523656228735,87.92411687745312,89.41125163541213,-0.01186348499736807,-0.006712566348896429,-0.03595443441387147,0.011926367120599454,0.008787730714326647,-0.06079760722459837,-0.0028790428387972383,0.08956347232239498,7,yes,-3.8590542721981156,-2.2408026755852797,89.23244657653728,91.27780200610553
sclust,-0.11978080627587968,-0.07755738138926238,0.40295699340221847,-0.025916067229789758,-0.01807794898939815,0.13422813067211692,-0.02898956932255535,0.060534339170499024,6,no,-8.355226291379939,11.818181818181818,63.833406018316616,57.08678587003925,-0.08850251980138935,-0.05006222180233219,0.3419614624390742,-0.013400606027528253,-0.0017548445380133337,0.1008394690851695,-0.03183981069180475,0.0910726656848012,6,yes,-13.799356255823847,-1.1160121167029846,81.14696903619712,82.06279982555604,-0.0713264613778184,-0.045043514773032145,0.22035939223256723,-8.815297984361703e-5,-3.4746736371181475e-4,0.020547642316946835,-0.026165053600575167,0.08249552391045549,4,no,9.24084590253192,-1.3700174775892173,76.29306585259485,77.35281290885302,-0.08095855137095848,-0.059299191181461194,0.2967759935725066,-0.013580827029578774,-0.014253975682596634,0.12291066008023721,-0.030541099471042762,0.07820154043706122,4,yes,-2.5928197962490254,-2.5884235186560773,74.34801569995639,76.32359354557349
sregular,0.007563291354271973,0.006293376192255645,-0.05009890817563989,0.011143446319719474,0.008757181600382413,-0.05070699114066812,-0.010373395148666836,0.07009282267013849,9,yes,6.625141029667005,-0.6584508608800148,97.37897950283471,98.0244221543829,0.03335260503565582,0.02798459717988891,-0.19918605860684246,0.03575679988242743,0.02978226553070902,-0.19684816942228256,0.015932182224346392,0.10997751096195325,3,yes,-3.919495798369009,-1.2881952077379715,97.91539467945923,99.19319668556477,0.007936451720759519,0.007871561923612325,-0.047759176745533316,0.013059182549700649,0.011553908385958427,-0.04909010739909192,-0.010761695994424766,0.06946969140532458,10,yes,2.096524398168219,-2.794508414526114,95.72176188399477,98.47361535106846,0.011209400257334981,0.00875345719377478,-0.06419372604561913,0.014428661125130318,0.01104651249854565,-0.06452498077742874,-0.008509306934520497,0.07073039908550663,6,yes,4.524275502477943,0.044730721059216653,97.54034016572176,97.4967291757523
wregular,-0.02561228617050798,-0.011540438506500175,0.08798280907502132,-0.02543648717359577,-0.010716609331153065,0.10766843534221204,-0.04352680314658822,0.07679368860583986,3,no,-16.299142029557032,-2.1089161772557317,95.95290013083297,98.02006105538595,-0.012321152309387698,0.005337981611585885,0.030773778539977092,-0.012400305097879039,0.00567273429922395,0.04077099556400221,-0.036890720472360514,0.08435742311939701,3,no,-11.449201493578592,0.9415859699227921,98.64805931094635,97.72786742259049,-0.023862108847348754,-0.008903157358948935,0.08242007989760813,-0.02392650705075633,-0.00815427621252772,0.1017667986752897,-0.04020059551253814,0.07922991611158663,3,no,-16.853390597842736,-2.19444075009976,96.2145660706498,98.37331007413869,-0.025531246712154662,-0.012478442359935088,0.08597337401985472,-0.025449430855742042,-0.01179115698298737,0.10394088518028644,-0.042816705377134015,0.07549755072863881,3,no,-8.11270683932178,-1.3007912028966186,96.29306585259485,97.5621456607065
random,-0.016733523882864004,-0.006921294734148098,0.07431484649867703,-0.012559399730170548,-0.003930961854440376,0.07120707240118707,-0.025572121797841435,0.07927336702697899,4,no,-22.142122214538503,-1.1333363435228199,95.49062363715657,96.58525948539032,0.009069366263175366,0.01590716000698099,-0.03303299992843889,0.008994285788404138,0.01587907169064999,-0.03156284553457123,-0.011520904321166231,0.09813701449082532,4,no,-11.42152850479814,-0.09609084953046192,99.751417357174,99.84736153510684,-0.00927380964124147,-0.0020953155960193592,0.02708971378629943,-0.008520356215042907,-0.001282400902363534,0.032645401234295046,-0.01626835001461048,0.07428629895447074,7,yes,3.00959259286793,-0.7811798509472996,96.3802878325338,97.13911905800262,-0.010093064471861826,-0.007584459718210951,0.03257684768418656,-0.009516225228128256,-0.0070089690269052735,0.035568963069863124,-0.020318049626063248,0.07719366123687316,6,yes,-7.308195393198792,3.1322664478183513,98.64805931094635,95.65198430004361
wclust,-0.039107951747434935,-0.02698034025141323,0.14537542254695357,-0.011661142153339868,-0.007848166393718325,0.0890183116393728,-0.018933318935489316,0.07709735422501672,4,yes,-10.545962669100925,-5.2472191485644455,70.95508068033143,74.8844308765809,-0.019475911797548137,-0.0017919292115420454,0.10427829359788077,-0.011375309682043463,0.004562675110321199,0.09206613548635789,-0.02151224822178402,0.09558255611158775,6,yes,-17.51122121907587,-4.509295673936353,93.18360226777148,97.58395115569122,-0.002895738866083644,0.009601174137001803,0.007399466251006626,0.0036798867637393845,0.014317399335882053,0.0019934896267780333,-0.002378309169565815,0.10766019749543077,6,yes,-4.2164118434975615,-2.3546200499464787,95.49062363715657,97.7932839075447,-0.025761149524791346,-0.01381676753873494,0.09589869278807606,-0.018939526242393867,-0.007745766688566538,0.0914269522042801,-0.028376621685977835,0.08823264492731937,4,yes,-11.825684587666062,-2.1431828545371494,93.58918447448758,95.63890100305277
sclust,-0.05565385283217321,-0.04550498042569325,0.20559925369706988,-0.03573563049992225,-0.029355103468484918,0.193427592580509,-0.02915910231474915,0.08488873987817967,6,yes,-10.522887992308663,6.096954286661888,83.70693414740515,78.89664195377235,0.010274157929656497,0.014593505069614349,-0.023161377597462507,0.00988089792690991,0.014763236667085844,8.239791615525238e-4,-0.01749448617370772,0.13296990655954066,2,no,-20.9603416084658,2.6284566943506356,98.08111644134321,95.56912341910162,0.009344352829574062,0.007605107934507513,0.001999776258405417,0.014739833752732356,0.01203151416231886,0.012637345811599698,-0.0024763878570057407,0.116706877292055,3,no,-0.17388385510520998,0.8141981520446419,96.11862189271696,95.34234627126035,0.00912837717349535,0.013314937591609649,0.0031986346735944915,0.012963827531553451,0.016398899155720528,0.012070435123517353,0.0015467829546528256,0.1314779620654256,3,yes,-7.8149924801131325,0.19239373601789986,97.65808983863934,97.47056258177061
sregular,0.00945653274492042,0.010499407570235417,-0.026281158582655895,0.01561404321912467,0.014272908748962032,-0.029271915691392647,6.582985213378079e-4,0.08680469157827954,4,no,-16.667116115050202,-1.0538485481790913,97.04317488006978,98.07675534234626,0.02301818405010289,0.022970319295970557,-0.10668411382023346,0.02378764881783585,0.0238270005129938,-0.09855406598539518,-0.0025888843494740604,0.10244386605874643,3,no,-32.752486903325014,-0.4807692307692237,98.39947666812037,98.87483645878761,0.025849743647941598,0.022071905864294847,-0.055819332174945946,0.029803881148728256,0.024656858576729793,-0.05494200225938606,0.013255450229107069,0.0827809857095819,10,yes,14.004815548845906,-0.7182442917313266,97.65808983863934,98.3645878761448,0.011932348682737084,0.012870776699379596,-0.03897112329724528,0.01654388465986692,0.016095639624026062,-0.037801672510917705,0.0019979237710602005,0.07967586056982344,6,no,-1.9969657388223487,-1.2622783234810484,96.88181421718272,98.12036633231574
wregular,0.004325700536643287,0.0064187628057335855,-0.01335975585543081,0.0053366765493933765,0.007638626428967066,-0.004768007374134964,-0.008691736124489549,0.07642337089624769,6,no,2.7217575747260114,0.48842257597684735,96.90361971216747,96.43262102049717,0.03289699422129719,0.030682869808483518,-0.13970679233532945,0.03318763265593626,0.03096241115077604,-0.13834472586423086,-0.0031396417329968146,0.08210623454652251,8,no,0.42192085367749227,-0.20094356106935854,99.63366768425644,99.834278238116,0.00928754029815547,0.010796654335212277,-0.028552974059407044,0.010647704921575685,0.012365103025457708,-0.018883293437024218,-0.004589066009948323,0.08367458270413941,6,no,4.133898134321054,0.13129300977906916,96.45442651548191,96.32795464457044,0.0091238333694761,0.009623250501816075,-0.04524246884126282,0.014561053877397478,0.013201106577214641,-0.048863635546884665,-0.002185575799664899,0.08722163171308332,4,yes,-8.20538085131573,1.9818670554467122,97.61883994766681,95.72176188399477
random,0.006495353545612384,0.004843010916265364,-0.003375126044339316,0.00830984589371056,0.005954574906403894,-0.00683017627060678,-2.3133634697411476e-4,0.07982704088661158,9,yes,9.312844841506895,-0.8660659609832903,98.83994766681204,99.70344526820759,0.02347958229370646,0.021945483363154675,-0.050189645631104396,0.0241020805672858,0.022418524968160727,-0.05165153822910551,0.0018036817504438613,0.0879956034517835,7,no,2.413584330185112,-0.7307254747527784,98.94025294374183,99.66855647623201,0.004818509990975661,0.004718296959919488,0.002759635708240449,0.0061536594012424894,0.005864510731702674,0.002368197719657461,-0.009442152405420776,0.07458331248783365,9,yes,-0.6038516338401523,-0.9064507612426264,98.21194941125164,99.11033580462276,0.002939850639048433,6.687104735728228e-4,0.011156583494886574,0.004584397066478646,0.0018711897000482508,0.009434416586088457,-0.009849920693008163,0.07367505044695882,9,yes,4.21100804798705,-1.1132050663978572,98.39947666812037,99.50719581334496
wclust,-0.009087610523615883,-0.008718900206964315,0.0215580404558523,-0.002034742333541173,-0.0037189187130148224,0.015535103074138412,-0.011895204776822377,0.06975168134664368,9,yes,-1.2040508831334271,-2.6901408450704287,90.39249890972525,92.89140863497602,0.01927400044641911,0.016419121392894448,-0.07587810852072485,0.02058574487068074,0.017329867020740478,-0.07456470037533158,-0.005407807458000749,0.08266634864453302,7,no,3.8122410505127644,-0.41137855579867577,99.24116877453119,99.65111208024422,-0.005678247286920873,-0.0038539107445115794,0.005808510844500181,8.829120201002821e-4,4.091768335854895e-4,0.0019011589121705752,-0.011457965257239272,0.0700891374916557,7,yes,1.9231353265644247,-1.1047481625107174,95.64762320104666,96.71609245529874,-0.016998635539251405,-0.016040964050199474,0.06880528770150707,-0.012367717379939497,-0.013102264279401615,0.05852862662295699,-0.03099702913041308,0.0815161468885614,3,no,-33.88439666488584,0.7631146042770823,96.16659398168338,95.4382904491932
sclust,-0.06137528513610552,-0.04251119385891554,0.2348207302044718,-0.01983398093885616,-0.013867024633560383,0.06057595282266148,-0.015310115746977424,0.0733133613610419,9,yes,3.0844645643734796,9.60632570659487,56.825119930222414,51.844744875708685,0.03019693116099792,0.030567006853913364,-0.22142227396207487,0.03911380202774235,0.036679251116554026,-0.2822370199672006,0.023532368467014522,0.1424420196529145,3,no,8.750024678489789,-18.282391009663748,81.50021805494984,99.73397296118623,-0.020618908334231953,-0.01743439010010797,0.0948031042933446,0.009976598514139137,0.0024183542786070378,-0.04483355340942907,-0.004212164422135442,0.0941296654884113,6,yes,7.675768116708319,9.577522559474977,69.90405582206716,63.794156127344095,-0.015718712255392578,-0.004562572987589719,0.05687764212990565,-0.003352745935210885,0.0016688786211998818,0.0065222478324308275,-0.033233634290842806,0.09510819053538888,6,yes,-22.142508145722353,1.7828716969118186,97.59703445268208,95.88748364587876
sregular,0.005290642467043236,0.004800481309242544,-0.02627899813117629,0.010952350354196436,0.009086053556169787,-0.02153044772589341,-0.0028217313526195664,0.07749513343157169,7,yes,7.651558452099218,-1.8002825759992638,93.96423898822503,95.68687309201918,0.02206693279551704,0.015986082743990535,-0.13552498086077336,0.0249056169533399,0.01808134824666241,-0.13585801771531125,0.005287406747414805,0.10130555844093293,6,no,-5.590997668312288,-0.6825187142227915,98.3645878761448,99.0405582206716,0.0025129132094012935,0.004285629092193696,-0.01347452643049829,0.0071025870426253135,0.007785669372238194,-0.0073446730434695295,-0.002807017630160724,0.08003717604411231,7,yes,5.586614415697325,0.6796116504854358,94.97165285651984,94.3305713039686,-0.0031001851035415834,-0.0039074646267506785,-0.010781438767985208,0.002453526405756523,2.74317969686258e-4,-0.007189705193570761,-0.010129420764411187,0.08190850952898142,6,no,-5.835087013989491,-0.20117964427780402,95.18970780636721,95.38159616223288
wregular,0.010165370320343287,0.005701029853656794,-0.01301621363782779,0.015451009096778365,0.009147531881752005,-0.025050119650344316,-3.464823086874874e-4,0.08617223156293281,4,yes,-8.455036223885424,-1.494595436146089,96.57653728739642,98.0418665503707,0.05066102334584037,0.037463984577666656,-0.1595764424604158,0.051036964821087744,0.03778834393705846,-0.15852114764849057,-0.005367031522366977,0.07823498562185285,6,yes,2.8491509102864137,0.5192976279540508,99.61186218927169,99.09725250763192,0.009031862465979673,0.007905227056104039,0.006553192527538165,0.01176378041453817,0.009818540629510625,0.006306004392433895,-0.009526321587618472,0.07792429613992868,6,yes,-6.41809900746707,-1.5197568389057767,96.08373310074138,97.56650675970344,0.013237730860824429,0.007056685297019888,-0.017194065005961767,0.01687909387325663,0.009973959871863544,-0.016267658232787308,-3.0941827295934143e-4,0.07986413207923355,7,yes,0.20430724727705232,-4.104994857577252,93.52376798953335,97.52725686873092
random,-0.015508066833807843,-0.01144667537522856,0.06789782932003585,-0.012074564346871028,-0.008542644047093081,0.07661066128415939,-0.022160859886760767,0.07696071631492285,4,yes,-14.212862862465597,0.6183017312448427,95.80898386393372,95.22023549934585,0.0175451008693491,0.01910562596565464,-0.03429550993860486,0.01849346446205344,0.01982889071108293,-0.03329110551515646,0.007953621239443154,0.10897035674196164,7,yes,-8.368037738785123,0.24641379917275055,99.3545573484518,99.11033580462276,-0.0181746483937439,-0.012642908768382553,0.06652895204645992,-0.013530202125410812,-0.009341193947819147,0.06957247300287384,-0.021318603334669006,0.06867152624064071,10,yes,-2.997134636277753,0.3518552367026018,95.77409507195813,95.4382904491932,-0.012467673401559076,-0.008597523265329615,0.04690594703230133,-0.00970365318655285,-0.006630738094132407,0.05024209090026155,-0.0223768961911133,0.06804712989239176,6,yes,-6.86807798069653,-0.776259758694121,97.5534234627126,98.31661578717838
wclust,-0.05121400784565311,-0.030390529732237583,0.20153201418891953,-0.04346018858962568,-0.023558694482354363,0.18994587379210937,-0.04654298144573668,0.0765567053629949,2,yes,-24.675947818314466,-1.846978799463787,86.2145660706498,87.83689489751417,-0.030445700096378425,-0.011563183036081962,0.1613311815690962,-0.030305611579130476,-0.011075074926526735,0.1701153685256831,-0.03658014592452136,0.09491201828328763,2,no,-24.210322294273126,1.9925336211937281,98.89228085477541,96.96031399912778,-0.03160741576598601,-0.019695549706097756,0.1487104108128644,-0.012288177868008968,-0.006407787699903189,0.08785389982991709,-0.02085826203473795,0.07698727468381457,4,yes,-14.300848271959552,-7.732914823797965,84.60968163977323,91.70082860880942,-0.03650035338071793,-0.023899526123548648,0.16504726257798785,-0.015063094656238799,-0.009551687114349727,0.09641291739740632,-0.02993679213494478,0.06672097227009507,4,yes,-16.50834902144669,-9.320170308332939,84.52245965983428,93.20976886175316
sclust,-0.052466480311123664,-0.04106694279792061,0.04319939165712794,-0.026123703443863167,-0.021499565028383467,0.043457178438787825,-0.02139930408850997,0.07969600194367883,6,no,3.321032643854375,3.2493409355649607,73.44526820758831,71.13388573920628,-0.03730871225666092,-0.02692829314342987,-0.1774627087526609,-0.03049132119246066,-0.02098000350971474,-0.1775139889208076,-0.04584709674501852,0.0921159757269586,4,no,-12.219816266900178,-4.799964867594749,94.53990405582206,99.30658525948539,-0.025867219065266678,-0.017173832035944345,-0.22523568122366944,-0.022079465691918737,-0.013504071937419565,-0.2062169464712803,-0.042036495023097864,0.08385226168208434,4,no,2.511738111314746,-2.1885596019199376,96.8687309201919,99.03619712167466,-0.038229381779319976,-0.031131296837783137,-0.13688757222406933,-0.030699634744600163,-0.023796383603608473,-0.12329329143512613,-0.03851327610218852,0.09186443349076323,5,no,-7.358745290530205,-1.9849960393271435,91.735717400785,93.59354557348452
sregular,0.017057050219491193,0.010811926497800245,-0.060561705500152385,0.018067276685141465,0.01166323928781944,-0.058870303094255894,-0.0011915274366175038,0.0807692984369258,7,no,5.659552634949419,-0.12767456194417887,98.93153074574793,99.05800261665941,0.040614335322695705,0.02649617886771205,-0.1811238196644761,0.040859447391169965,0.026685102133686356,-0.18070137797548647,0.01057335233270261,0.09937810655423193,6,no,-0.6895707434245424,0.06120753727101746,99.81247274313127,99.751417357174,0.01618065457502707,0.012220206307523629,-0.06419731105682358,0.017437468131532158,0.013316209363277237,-0.061044496744589005,-7.388867235476049e-4,0.08280100289112481,6,no,-0.565390435161812,-0.48441078034172774,98.55211513301352,99.03183602267771,0.012067417580660059,0.005294594650636475,-0.03482842372546924,0.01260756168822208,0.005709134639951721,-0.033676928611022006,-0.0032768292421358064,0.08389685925577309,7,no,-1.3450005294421312,0.47577092511013436,99.46794592237244,98.99694723070213
wregular,-0.0033876756888877313,-0.003940798011851154,-0.004527909025838217,-0.001223888939214171,-0.002090932582135857,-5.411531575840733e-4,-0.012450650775548064,0.0814293877664771,5,no,-4.336470259546181,-0.6215346091933479,96.9254252071522,97.53161796772787,0.017526688214923716,0.010775209928817572,-0.06956417676106397,0.017900603561647313,0.011125207103471577,-0.06771592934863524,-0.019662201760144507,0.07707475787943462,5,no,-9.92552825978627,-0.4326166754063829,99.36764064544266,99.79938944614042,-0.00239158743218644,-0.0019360680389098467,-0.001386070904049408,-8.566578770888011e-4,-3.8733688111534936e-4,0.002016214105341252,-0.01608863155223471,0.07413015572002953,7,no,-2.312151827990146,-2.3527322768233563,95.93109463584824,98.24247710423026,-0.00114945498244165,-0.002916709637582199,0.0010177800831698836,0.0014846833579780783,-9.83138244523854e-4,0.0022097174644089,-0.01180651260451708,0.07720029626518964,6,no,-5.100765703325464,-3.7394125067579775,93.17924116877452,96.79895333624073
random,0.012234160054616625,0.010230721021209185,-0.02344729180662264,0.01337513243477377,0.01112629993986497,-0.023373539941639487,5.530114056395696e-4,0.08185844161263554,8,yes,1.081155260784556,0.2303637088557179,98.6698648059311,98.44308765808984,0.027605725155896516,0.021775964848746915,-0.07654850739390517,0.02782818615340371,0.021994359811843597,-0.07547828616010688,-0.006537455185699495,0.07690215079074311,6,yes,5.561122280636523,-0.017495516773818342,99.69036197121675,99.70780636720453,0.014714435934675876,0.009588577251328376,-0.03543619476453663,0.01565724646675634,0.010360667650731861,-0.0347248746533797,-6.593554237987465e-4,0.08306323651733026,6,no,-3.949010632682305,-0.26520509193776803,98.40383776711731,98.66550370693415,0.012630519129404327,0.0073311207047932064,-0.029492696663196982,0.014073314967614783,0.008324371550558443,-0.03140380396020903,-0.003999962631438286,0.08061707181418226,6,no,-2.498360791862146,0.44719946867389393,98.93589184474487,98.49542084605321
wclust,-0.003290623334951198,-0.0034546238413368235,0.012169513838404478,-1.3373894295155841e-4,-2.3303822396664176e-4,0.02723844241720763,-0.009664232935003209,0.08798220262630675,4,yes,-15.313477681112895,-0.597365945437439,92.16310510248583,92.71696467509813,0.018953886176846305,0.016446235842707144,-0.09980893169349203,0.01919200222599901,0.016710600195734837,-0.09808427121162588,-0.026749501005658496,0.07211724792837866,6,no,-1.4417488050262701,-0.3055701065130047,99.59877889228086,99.90405582206716,0.012465923710300308,0.011457142485351485,-0.03272456221627018,0.014656343142073064,0.013511684184467979,-0.02483677835281395,-0.012271544322417796,0.07777185842888518,7,yes,-3.1070221337730843,1.425070345829172,97.4618403837767,96.09245529873527,0.007553306844705787,0.0077387773855548125,-0.04474333098412986,0.011207625666243975,0.011114611032641039,-0.02917066661569434,-0.003842939872410814,0.08865996534319152,6,yes,-9.26364532502021,-0.5620031070090536,94.91059747056258,95.4470126471871
sclust,-0.12431097901184081,-0.08502128837079614,0.5117684911352445,-0.029566237531589504,-0.02437749054699552,0.14554600719740896,-0.022041143735776883,0.07185461514827694,4,no,-22.37920258216704,15.28891798985102,61.43044047099869,53.28390754470127,-0.05019514080939369,-0.02732665575611981,0.1888086599387982,0.019062366559878155,0.014864217144024569,-0.07576350258060882,0.006925963046301484,0.11296732846605845,3,yes,10.185357196238083,-0.10273765637275649,72.08896641953773,72.16310510248583,-0.0430876380387587,-0.02127727119278512,0.17060444010324216,0.012637956057100788,0.012697139647044525,-0.06080417626521406,-0.00658722817167913,0.10953443525474843,6,yes,12.326160930034497,12.713996441062772,80.10902747492368,71.07283035324902,-0.054436577545607226,-0.037506782625244234,0.2178280082545649,0.013619738848435523,0.005391780175805799,-0.04486529119960103,0.012020278591408529,0.12250282119191847,3,yes,4.083708567154731,-5.823871660170578,72.70824247710424,77.20453554295682
sregular,0.001375182419695059,0.004791438744886953,-0.03792344087809396,0.007710482266478733,0.008992923571558911,-0.03840621049907733,-0.012910675217288059,0.07349210693521435,7,yes,-2.5918399899406426,0.5619505121000753,96.77278674225906,96.23201046663759,0.018700834477166375,0.01879148682927352,-0.14228801244894307,0.022299765633260873,0.021285185918185914,-0.1391240634249672,-0.0068470472403354965,0.08989886104947986,5,no,-14.10322881865717,-0.5977683315621634,97.90231138246838,98.491059747056255,0.0017475893104349355,0.0038243032824862716,-0.061992624122988116,0.01037046241740458,0.009795560141198312,-0.06277326670112016,-0.0068711742268076775,0.08845463862837717,4,no,-14.52801913266383,-1.8659232948158893,95.18534670737026,96.99520279110337,-0.003725337971233783,-9.146905829176544e-4,-0.012354711938763807,0.0016688873780262847,0.003157421201754315,-0.006071882325358269,-0.013254155147481558,0.0723650845003368,9,no,-1.7935633869279315,0.5507008920444164,96.34976013955516,95.82206716092455
wregular,-0.019984697926856726,-0.014112955337253319,0.017072910233492,-0.01490849799581738,-0.010409033789347683,0.019594106353633456,-0.02438059569873824,0.07386420555360919,6,yes,-0.43892177909370544,-1.3274929602646033,96.27562145660707,97.5708678587004,0.01598762716083839,0.012679737086923049,-0.14190965154665158,0.01621899444870302,0.012884082290259877,-0.1412629563537423,-0.024192261910054302,0.07467408520726046,9,yes,7.889287018964325,0.2717034050571878,99.78630614914958,99.51591801133885,-0.012901728278248065,-0.0077379230308378955,-0.018506130140311883,-0.007887217958596357,-0.004551774974550379,-0.0239742015481903,-0.028929743630547483,0.07604005092898805,4,yes,-11.38718389059389,-1.9689895163421713,97.05625817706061,99.00566942869602,-0.015788208355898295,-0.01519968831693684,-0.02399627386419667,-0.011313716539245705,-0.011442442014066287,-0.015339418121267046,-0.023328920897208547,0.08710443176041671,3,yes,-12.70600225493917,-5.219902265659708,93.04404709986916,98.16833842128216
random,-0.008586188727715008,-0.008525980015254023,0.012390125050829814,-0.005836945890000847,-0.0061716538790165115,0.013195153930478432,-0.016538605601980477,0.07829936294757678,7,no,1.9948359274554077,2.155572037826816,96.10553859572613,94.07762756214566,0.026869871417310787,0.020107828243124,-0.21718712004894247,0.028087882746028692,0.021605555257277323,-0.20503991857586856,-0.007595058989393028,0.11058865450650285,2,no,-14.137332027895624,-1.3683010262257729,98.08111644134321,99.44177932839075,-0.0029356753346570785,-0.0016267481962053548,-0.011382150359359855,8.358088603850206e-4,0.0011436182215900093,-0.014544727573150729,-0.011400447259075616,0.08085442443141887,6,yes,4.992322234827814,1.324926900584802,96.72045355429569,95.45573484518098,-0.006239955740526909,-0.00715344473417634,0.010512936886969415,-0.004616888873497357,-0.005551834013767867,0.014712278209973118,-0.01980158777260274,0.07169828028628734,9,no,14.034347216982454,2.904755328453696,97.48800697775839,94.7361535106847
wclust,-0.06504819666693683,-0.05066518972709018,0.15789346708743046,-0.024265035139792487,-0.02273023038965051,0.10618595327245339,-0.03157282280853466,0.06067960653638226,6,yes,-3.8676441203990497,1.7890825950271427,77.66245093763628,76.2974269515918,-0.03320955802250046,-0.024080352597907723,0.03489409652398179,-0.02013633810073255,-0.014103258858523204,0.03201870762830772,-0.036220664692612176,0.07883804728857444,6,no,-0.6015306481160498,1.566715577223457,93.58046227649368,92.13693850850414,-0.047873911154703935,-0.03822962671680348,0.088954703392911,-0.014505617988596259,-0.014525576857862543,0.060521973615983216,-0.0318435648489894,0.06444435904304799,6,yes,0.9968976416685464,-6.994225408203908,81.47841255996511,87.60575665067597,-0.06001063973393127,-0.04615974710758834,0.14400552529457844,-0.016666905581196628,-0.016730205898871447,0.07613104976040697,-0.027093160135927927,0.06518583443893541,6,yes,-7.946877286676256,-2.5917344684519623,78.83994766681204,80.93763628434365
sclust,-0.07355646228531491,-0.05810406873618683,0.16098986788320757,-0.020674423681834947,-0.016582410293509237,0.09642313856592577,-0.023383297945126474,0.06344006070574014,6,no,7.385949305312685,-8.137372127009428,60.309638028783255,65.65198430004361,-0.031086538013047338,-0.03270610866066331,-0.1241425954319435,-0.018581033235741118,-0.02110971439760914,-0.11271032890196653,-0.05588503711615443,0.08391514482508704,3,no,-1.033902971930014,-5.2106328182487,89.88661142607938,94.82773658962059,-0.040710970375026356,-0.032608550063112834,-0.019368063976320737,-0.03431224527512375,-0.024180608627417027,0.04448686223065368,-0.05242830754375269,0.087337606925217,4,no,-3.302794967856198,-5.268404525743897,82.88704753597906,87.49672917575228,-0.026934917382592932,-0.028164718877586592,-0.11207165593149482,-0.013012156329075888,-0.015348571406277337,-0.09390031682409972,-0.030216422021955805,0.0868747243126601,6,no,13.78312783807375,-1.6137841998113083,86.41081552551243,87.82817269952028
sregular,-5.854965807232521e-4,0.004395732885776743,-0.007145098593233201,4.596891717845719e-4,0.005369382619806906,-0.002087804256860837,-0.011154477490156509,0.0933181697769983,4,no,-17.5766592353507,1.5916550514814842,98.53903183602267,96.99520279110337,0.02790979798712212,0.023462388607507503,-0.1170690916896685,0.029597647362511317,0.024843154299395043,-0.11418287763498502,4.565382950534741e-4,0.0861465978457553,6,no,3.765348692895399,-0.9007029876977068,98.3645878761448,99.25861317051897,9.316830303078422e-4,0.004833904652308291,-0.0026401035839731524,0.002180160808829837,0.0060703100638692525,0.005601387362177301,-0.009877213374464205,0.08894239596401096,4,no,-7.780420373479584,1.6311735387403739,97.81945050152639,96.24945486262538,0.014398580528976357,0.012277576392002762,-0.05980253154633086,0.017222014827398907,0.014295428734597583,-0.056661194339896026,-0.007355827873300677,0.07464511126053883,6,yes,11.11322017429932,1.6332456219943767,97.69733972961187,96.12734409071086
wregular,-0.013957556192711523,-0.004246398891742817,0.03710041362699623,-0.011486053164005236,-0.002397756138105153,0.036312072836037323,-0.018676563783632985,0.07500841664217721,9,yes,3.5153834233251096,-0.7715844086736797,97.58831225468818,98.347143480157,0.0059652890293111355,0.016721763935596448,-0.029820463841792377,0.006267401272258111,0.017039589832328533,-0.025757148396422958,-0.00669520808461968,0.11308627312891656,3,no,-16.938413822891825,-0.05704506560181961,99.328390754470135,99.38508504143044,-0.01533526944391024,-0.007510345911882224,0.049482113246888004,-0.012470693960935322,-0.005228798976984597,0.04562777183202871,-0.020109141525891105,0.07361047788126068,8,yes,3.4381045895492672,-1.0223500774507577,97.53161796772787,98.53903183602267,-0.007952964356667161,-0.002767983604832297,0.020542305733299737,-0.005185514656790111,-8.596257959715414e-4,0.01723018258833897,-0.013645953232136951,0.07884484017066827,6,yes,3.3565806859077227,-0.6942294936988791,97.9415612734409,98.62625381596162
random,-0.014991672644374704,-0.007914613335394921,0.05774962334275924,-0.013725033938345677,-0.006785469185661294,0.06029036329327464,-0.02211894030181176,0.07596720662137167,6,no,-11.794102160947755,0.19926493379975938,98.68294810292194,98.48669864805932,0.0015941891836218636,0.007678425986453227,0.0023155316764100764,0.0024869000505488154,0.008423218095688786,0.004124717124378563,-0.004023798926320085,0.09480673049548996,6,no,-10.51647617774948,0.2022600360550535,99.38508504143044,99.18447448757087,-0.0019575076936267366,-0.0011597031115668788,0.009757508474043441,-2.8090054340955406e-4,2.3356829595681805e-4,0.014500387974710094,-0.008566543010423033,0.07603668658058313,9,yes,7.833803432791017,0.3735159411267829,98.44308765808984,98.07675534234626,-0.006434406073979396,-0.007455888190019785,0.020874635830684052,-0.004417921019185311,-0.005695988670799235,0.032879975488062096,-0.011073043800910912,0.08810810787374716,4,no,-13.797470458168915,-2.878146580530188,95.06759703445267,97.88486698648059
wclust,-0.07857615026732233,-0.049128352163504065,0.2784146024875571,-0.04912817711952901,-0.02947633457311955,0.2235587043744326,-0.04829329975286299,0.07152244662157493,3,no,-2.7808524947430464,-9.283263438810524,83.01788050588749,91.5133013519407,-0.011018957183262207,-0.006534557620074974,-0.16023527125468195,-0.002145613292606305,2.2843041386810814e-4,-0.1732862450434698,-0.028588940605695,0.09239209386570375,4,no,12.579488775689256,-0.09238302000092481,94.32621020497164,94.41343218491059,-0.05014943121099352,-0.028113110935384558,0.10368574611669423,-0.036584540413635736,-0.01874269064064571,0.0869330262657807,-0.04220866236981728,0.0959337970154205,3,no,1.0326780423087705,3.7124993941743742,93.32315743567379,89.98255560401222,-0.032688516769994444,-0.024105505648704645,0.011264293912687351,-0.02027046151796945,-0.015769682660837142,-0.0030205577971664788,-0.030658597450873334,0.08798591692761744,4,no,10.296303935856043,-0.34329189088883466,93.68512865242042,94.0078499781945
sclust,-0.06137437517126938,-0.040620964226159115,0.2560667846237923,-0.04399351986851269,-0.026492431971522318,0.19439734476887116,-0.04829311172515495,0.06398641405670025,4,no,-9.41248933120761,40.1962311166485,78.51722634103794,56.005233318796336,-0.006199144647013349,0.010125983506191163,0.09939619603763006,-0.005499526245313663,0.010916956556355426,0.10379921148780413,-0.022259739628405023,0.10742107251398245,5,no,-10.41580307182174,-0.24536651623362085,99.28914086349761,99.53336240732665,-0.026260615525503114,-0.004453569730529391,0.16558260733746366,-0.01905535972232235,-5.436592944594032e-4,0.1275081541807941,-0.023140311609883904,0.10522061916947816,4,no,-15.584223093500446,-6.0923158781536735,92.3637156563454,98.35586567815089,-0.018302086756130154,-0.006222911117142613,0.12242033213287928,-0.01739436157393437,-0.005014434424297942,0.12606330604863059,-0.02950842824904687,0.09604140836916669,3,no,-6.402918172792288,-1.542653715993481,97.69733972961187,99.22808547754033
sregular,-0.0017703648187864102,-0.00263677584528689,-0.029039138963047773,-0.0014539416210208045,-0.0020972674904221056,-0.021717745181552894,-0.02521365930571773,0.08101653172786187,4,no,-18.223594808704853,-0.5154185022026336,98.48669864805932,98.99694723070213,0.00691103518668898,0.008484708502661725,-0.03985350597064963,0.007322048991849475,0.00883724146115307,-0.039237362507272944,-0.017017374518340275,0.0754476742949004,9,no,5.274944502321491,0.44839106734658035,99.65111208024422,99.2062799825556,0.003106619784898443,8.648622711780463e-4,-0.050351878692813656,0.0036599940883861037,0.0015234328968370958,-0.04582410890571553,-0.01604186124584943,0.07967587370409189,7,no,2.499036623485676,-0.859460644595501,98.60008722197993,99.45486262538161,0.00188414948668858,-0.0016089378576414487,-0.0449802692833543,0.002647102532279344,-9.047939306970065e-4,-0.04229887990077974,-0.020661901089222473,0.0702710213184161,13,no,-3.51541752376201,0.07494929900360091,98.99258613170518,98.91844744875709
wregular,-0.010582559458711074,-0.008350154882113492,0.07743759682985851,-0.007867351258038044,-0.006503583204939892,0.07026030374692893,-0.01961290510220165,0.08642477289079516,3,no,-28.368358487707347,-1.6560063085954688,97.89795028347143,99.54644570431749,0.011701590997247727,0.010143284819475323,0.016141252893822844,0.012246047003574373,0.010551765127262705,0.015259473155351255,-0.008861988504278967,0.0902183975917565,5,no,-14.66438006261054,0.18014059753953565,99.4374182293938,99.25861317051897,-0.002846966455311045,-7.63544511882111e-4,0.03575022828088803,-0.002529278545024674,-4.655775535928053e-4,0.03677078199854156,-0.011476471538533262,0.07720321709903177,9,no,-7.380411962007846,0.4665492957746543,99.54644570431749,99.08416921064108,-0.002656727568128292,-0.0036419169287570247,0.04341979512580951,7.777088132779192e-4,-0.0014638953363008272,0.03781434718959531,-0.014942092120272449,0.08133031500136507,4,yes,-14.923380243781253,-1.1445360463076681,98.31225468818143,99.45050152638466
random,-0.008061986415973055,-0.005081361102882945,0.016936179465963708,-0.004966503688250162,-0.002518880562689757,0.0167169349083911,-0.022215644801389697,0.07823796431419391,7,yes,-1.5941922790329188,-0.739330618027271,97.78020061055386,98.50850414304405,0.013735712805042613,0.012801540646571116,-0.08325781481400918,0.014120987361627826,0.013426852459576602,-0.07508308128311891,-0.0031220571702647165,0.10626149474476315,3,no,-7.732659397824639,-1.5966496531867456,98.37331007413869,99.96947230702136,-0.007953337730153942,-0.005441384224732948,0.008822010289316173,-0.004668766628837362,-0.003038513341898516,0.006214987007683415,-0.02168273353347909,0.07402343962479441,7,no,6.336548685816037,-0.08879023307436276,98.14653292629743,98.23375490623637,-0.01361311059251434,-0.011373785184346771,0.03640734471797957,-0.01015709835605845,-0.008844776602248916,0.034813056918300944,-0.021193520890162076,0.08403616230521517,8,yes,-3.3591630002668778,-0.6026231832683452,97.82817269952028,98.4212821631051
wclust,-0.015897849636857544,-0.014482475622705278,0.05362041286337682,-0.006879101510812127,-0.007450132399307981,0.036600454428788565,-0.00853735764735103,0.08493148913101599,10,yes,-10.032093265338633,-2.4845907592335945,89.00566942869604,91.2734409071086,0.01841874271561443,0.015344337817389878,-0.06513251080413118,0.023026517495081097,0.01852723746166733,-0.07133826339713589,-0.01152878141203717,0.08800640779487866,5,no,-8.093993332205065,1.1350737797956765,97.14348015699956,96.05320540776276,-0.0020337895753106267,-0.0015773328261289576,0.01480518976384848,-0.001581605957750809,-0.0011584185392167629,0.015585957898684333,-0.01781892083551395,0.10491208123413757,3,no,-24.86189876153353,4.191506924699622,99.08416921064108,95.09812472743131,0.00287524526086802,5.544500338702657e-4,-0.009043449670497195,0.010519769121504458,0.005921875038502444,-0.024220820873942728,-0.008738662403504308,0.08426667536759766,7,no,-8.295126125558253,-3.0345450440279884,93.64587876144789,96.57653728739642
sclust,-0.04245662128075797,-0.0318393856822205,0.08441167932303884,-0.023156222308940155,-0.01814233203275907,0.03632286319461875,-0.03183822385940248,0.0754100254428501,3,no,-7.755664436765702,11.95584134752177,85.80026166593981,76.63759267335368,0.0022211624612012426,0.009679826190457638,-0.20438462703109478,0.007425393125268215,0.013119738802921999,-0.21034079288466162,-0.00434036242713863,0.12414770323070574,2,yes,-11.585281274667079,-1.1431083754671476,98.05931094635848,99.19319668556477,-0.024497695365258254,-0.018933819779332575,-0.014687712145991294,-0.023342376762222894,-0.017771308428424545,-0.007121426467833536,-0.04767941670038678,0.08691368045682213,4,no,-14.940012988561985,1.0430596416154003,98.85739206279982,97.83689489751417,-0.025726619329479394,-0.023549000784140683,-0.023809876308245048,-0.01255442183803443,-0.013161679540601018,-0.03197417026881266,-0.03480018144638078,0.077394165192161,5,no,-3.1333757973743213,-3.744330278626319,90.69777583951155,94.22590492804187
